{"cameraMode":{"drawMode":0,"name":"Shaded","section":"Shading Mode"},"sceneLighting":true,"audioPlay":false,"sceneViewState":{"showFog":true,"showMaterialUpdate":false,"showSkybox":true,"showFlares":true,"showImageEffects":true,"showParticleSystems":true},"in2DMode":false,"pivot":{"x":-312.12481689453127,"y":14.637259483337403,"z":44.897762298583987},"rotation":{"x":0.0470694862306118,"y":-0.9533587694168091,"z":0.22142471373081208,"w":0.200365349650383},"size":2271.730224609375,"orthographic":false}