{"cameraMode":{"drawMode":0,"name":"Shaded","section":"Shading Mode"},"sceneLighting":true,"audioPlay":false,"sceneViewState":{"showFog":true,"showMaterialUpdate":false,"showSkybox":true,"showFlares":true,"showImageEffects":true,"showParticleSystems":true},"in2DMode":false,"pivot":{"x":523.7653198242188,"y":290.9798583984375,"z":-268.9447326660156},"rotation":{"x":0.15413899719715119,"y":0.10758383572101593,"z":-0.017348308116197587,"w":0.9821648001670837},"size":533.4291381835938,"orthographic":false}